{"BootesI": {"Distance": 66.0, "FeH": -2.55, "Age": 13.7, "Lvp": -5.8, "Rt": 12.34, "e": 0.28, "Rp": 236.9109926657103, "lowlim": 0.022398392067260558, "MTot": 26306.4028785631, "NS": 92143, "rmax": 33.735014773410775}, "BootesII": {"Distance": 42.0, "FeH": -1.79, "Age": 13.0, "Lvp": -3.1, "Rt": 4.02, "e": 0.27, "Rp": 49.113565151120426, "lowlim": 0.014253522224620362, "MTot": 2107.9644030399063, "NS": 7670, "rmax": 21.467736673988675}, "BootesIII": {"Distance": 52.0, "FeH": -2.0, "Age": 0.0, "Lvp": -5.6, "Rt": 33.03, "e": 0.33, "Rp": 499.61795167589673, "lowlim": 0.017647217992387113, "MTot": 20795.997701329426, "NS": 73831, "rmax": 26.57910254874788}, "Coma": {"Distance": 44.0, "FeH": -2.6, "Age": 13.9, "Lvp": -3.7, "Rt": 6.03, "e": 0.17, "Rp": 77.17845952318925, "lowlim": 0.014932261378173708, "MTot": 3759.1296442453036, "NS": 13196, "rmax": 22.490009848940517}, "Crater": {"Distance": 117.5, "FeH": -1.98, "Age": 10.0, "Lvp": -8.2, "Rt": 27.41, "e": 0.18, "Rp": 936.8563814444728, "lowlim": 0.039875925271259334, "MTot": 206785.2787491407, "NS": 721555, "rmax": 60.05854902842069}, "CanesI": {"Distance": 218.0, "FeH": -1.98, "Age": 12.6, "Lvp": -7.9, "Rt": 6.88, "e": 0.36, "Rp": 436.28577088519586, "lowlim": 0.0739825677373152, "MTot": 171199.64494893118, "NS": 612367, "rmax": 111.42777606975073}, "CanesII": {"Distance": 160.0, "FeH": -2.21, "Age": 13.7, "Lvp": -4.8, "Rt": 0.95, "e": 0.67, "Rp": 44.21500771718968, "lowlim": 0.05429913228426803, "MTot": 10607.92707581941, "NS": 37161, "rmax": 81.78185399614733}, "Draco": {"Distance": 76.0, "FeH": -1.93, "Age": 0.0, "Lvp": -8.7, "Rt": 8.41, "e": 0.34, "Rp": 185.92410745078257, "lowlim": 0.025792087835027316, "MTot": 351087.38146071776, "NS": 1259915, "rmax": 38.84638064816998}, "DracoII": {"Distance": 20.0, "FeH": -2.2, "Age": 12.0, "Lvp": -2.9, "Rt": 1.97, "e": 0.49, "Rp": 11.46099542142943, "lowlim": 0.006787391535533504, "MTot": 1619.7561697189494, "NS": 5592, "rmax": 10.222731749518417}, "Hercules": {"Distance": 132.0, "FeH": -2.42, "Age": 15.0, "Lvp": -6.0, "Rt": 3.56, "e": 0.64, "Rp": 136.6941870161959, "lowlim": 0.044796784134521116, "MTot": 32875.7097361116, "NS": 116385, "rmax": 67.47002954682155}, "LeoI": {"Distance": 254.0, "FeH": -1.43, "Age": 6.4, "Lvp": -12.0, "Rt": 4.04, "e": 0.43, "Rp": 298.4978442044169, "lowlim": 0.08619987250127552, "MTot": 5932620.676250516, "NS": 19899454, "rmax": 129.82869321888387}, "LeoII": {"Distance": 233.0, "FeH": -1.62, "Age": 8.8, "Lvp": -9.8, "Rt": 2.74, "e": 0.11, "Rp": 185.70885017637, "lowlim": 0.07907311138896533, "MTot": 891326.1250593498, "NS": 3101539, "rmax": 119.09482488188955}, "LeoIV": {"Distance": 154.0, "FeH": -2.54, "Age": 13.7, "Lvp": -5.1, "Rt": 2.67, "e": 0.38, "Rp": 119.6074136391714, "lowlim": 0.05226291482360799, "MTot": 12873.137147103796, "NS": 45087, "rmax": 78.7150344712918}, "LeoV": {"Distance": 178.0, "FeH": -2.0, "Age": 0.0, "Lvp": -5.2, "Rt": 1.64, "e": 0.33, "Rp": 84.91608587369745, "lowlim": 0.06040778466624819, "MTot": 14037.660825543308, "NS": 49782, "rmax": 90.9823125707139}, "PiscesII": {"Distance": 183.0, "FeH": -1.9, "Age": 0.0, "Lvp": -5.0, "Rt": 1.42, "e": 0.31, "Rp": 75.59020990387441, "lowlim": 0.06210463255013155, "MTot": 12078.94848549671, "NS": 43542, "rmax": 93.53799550809352}, "SagII": {"Distance": 65.0, "FeH": -2.2, "Age": 12.0, "Lvp": -5.2, "Rt": 1.63, "e": 0.24, "Rp": 30.8196057081332, "lowlim": 0.02205902249048389, "MTot": 14969.643635460214, "NS": 51646, "rmax": 33.22387818593485}, "SegueI": {"Distance": 23.0, "FeH": -2.72, "Age": 0.0, "Lvp": -3.0, "Rt": 4.32, "e": 0.2, "Rp": 28.9026524130261, "lowlim": 0.007805500265863528, "MTot": 1814.579940066262, "NS": 6258, "rmax": 11.75614151194618}, "SegueII": {"Distance": 35.0, "FeH": -2.0, "Age": 0.0, "Lvp": -2.5, "Rt": 3.91, "e": 0.2, "Rp": 39.808051355904, "lowlim": 0.011877935187183632, "MTot": 1230.138455779553, "NS": 4369, "rmax": 17.88978056165723}, "SextansI": {"Distance": 86.0, "FeH": -1.93, "Age": 12.0, "Lvp": -9.2, "Rt": 19.48, "e": 0.18, "Rp": 487.31919821351, "lowlim": 0.029185783602794068, "MTot": 590602.0208528835, "NS": 2117567, "rmax": 43.95774652292919}, "TriII": {"Distance": 30.0, "FeH": -1.93, "Age": 13.0, "Lvp": -1.8, "Rt": 1.55, "e": 0.26, "Rp": 13.526301702956054, "lowlim": 0.010181087303300257, "MTot": 644.2387880940452, "NS": 2335, "rmax": 15.334097624277623}, "UrsaMajorI": {"Distance": 97.0, "FeH": -2.18, "Age": 0.0, "Lvp": -6.5, "Rt": 6.06, "e": 0.59, "Rp": 170.98990681788442, "lowlim": 0.032918848947337494, "MTot": 46163.933599316115, "NS": 159624, "rmax": 49.58024898516432}, "UrsaMajorII": {"Distance": 32.0, "FeH": -2.47, "Age": 0.0, "Lvp": -3.8, "Rt": 10.52, "e": 0.62, "Rp": 97.9246065652285, "lowlim": 0.010859826456853605, "MTot": 3770.092438067191, "NS": 13017, "rmax": 16.356370799229467}, "UrsaMinor": {"Distance": 76.0, "FeH": -2.13, "Age": 12.0, "Lvp": -8.9, "Rt": 12.85, "e": 0.53, "Rp": 284.0814245829437, "lowlim": 0.025792087835027316, "MTot": 423602.9565298008, "NS": 1474422, "rmax": 38.84638064816998}, "WillmanI": {"Distance": 38.0, "FeH": -2.1, "Age": 0.0, "Lvp": -3.0, "Rt": 1.48, "e": 0.53, "Rp": 16.359552855360185, "lowlim": 0.012896043917513658, "MTot": 1889.0105330130295, "NS": 6604, "rmax": 19.42319032408499}, "CetusII": {"Distance": 30.0, "FeH": -1.8, "Age": 10.9, "Lvp": 0.0, "Rt": 6.98, "e": 0.4, "Rp": 60.9119908946021, "lowlim": 0.010181087303300257, "MTot": 114.53638332137898, "NS": 408, "rmax": 15.334097624277623}, "ColumbaI": {"Distance": 182.0, "FeH": -2.1, "Age": 12.0, "Lvp": -4.5, "Rt": 2.01, "e": 0.21, "Rp": 106.41272449409425, "lowlim": 0.0617652629733549, "MTot": 7500.8041909058165, "NS": 26234, "rmax": 93.02685892061758}, "EridanusIII": {"Distance": 87.0, "FeH": -1.8, "Age": 0.0, "Lvp": -2.07, "Rt": 0.42, "e": 0.42, "Rp": 10.629055144645468, "lowlim": 0.029525153179570742, "MTot": 804.1467291548795, "NS": 2899, "rmax": 44.46888311040511}, "Fornax": {"Distance": 147.0, "FeH": -0.99, "Age": 0.0, "Lvp": -13.4, "Rt": 16.41, "e": 0.31, "Rp": 701.7008991180602, "lowlim": 0.04988732778617125, "MTot": 30928712.74269982, "NS": 109972560, "rmax": 75.13707835896035}, "GrusI": {"Distance": 120.0, "FeH": -1.42, "Age": 0.0, "Lvp": -3.5, "Rt": 2.84, "e": 0.45, "Rp": 99.13470151327789, "lowlim": 0.040724349213201026, "MTot": 3140.337690480301, "NS": 11280, "rmax": 61.33639049711049}, "GrusII": {"Distance": 53.0, "FeH": -1.8, "Age": 12.5, "Lvp": -3.9, "Rt": 7.32, "e": 0.12, "Rp": 112.85298943395335, "lowlim": 0.017986587569163784, "MTot": 4513.735412875576, "NS": 16364, "rmax": 27.0902391362238}, "HoroI": {"Distance": 79.0, "FeH": -1.8, "Age": 0.0, "Lvp": -3.4, "Rt": 1.55, "e": 0.14, "Rp": 35.61926115111761, "lowlim": 0.02681019656535734, "MTot": 2680.43299748651, "NS": 9669, "rmax": 40.37979041059774}, "HoroII": {"Distance": 78.0, "FeH": -2.0, "Age": 13.5, "Lvp": -2.6, "Rt": 1.97, "e": 0.4, "Rp": 44.69788214357478, "lowlim": 0.026470826988580668, "MTot": 1406.9709337618958, "NS": 5060, "rmax": 39.868653823121825}, "PhoenixII": {"Distance": 83.0, "FeH": -1.8, "Age": 0.0, "Lvp": -2.8, "Rt": 1.58, "e": 0.27, "Rp": 38.147079684422735, "lowlim": 0.028167674872464046, "MTot": 1520.3262404163765, "NS": 5481, "rmax": 42.424336760501426}, "PictorI": {"Distance": 114.0, "FeH": -1.8, "Age": 0.0, "Lvp": -3.1, "Rt": 0.96, "e": 0.44, "Rp": 31.83480555637657, "lowlim": 0.038688131752540975, "MTot": 2207.476482570733, "NS": 7962, "rmax": 58.26957097225497}, "RetiII": {"Distance": 30.0, "FeH": -2.67, "Age": 0.0, "Lvp": -2.7, "Rt": 4.15, "e": 0.6, "Rp": 36.21558197888234, "lowlim": 0.010181087303300257, "MTot": 1420.0856524457754, "NS": 4907, "rmax": 15.334097624277623}, "RetiIII": {"Distance": 92.0, "FeH": -2.0, "Age": 0.0, "Lvp": -3.3, "Rt": 1.29, "e": 0.33, "Rp": 34.52261260444784, "lowlim": 0.031222001063454113, "MTot": 2507.3249070024654, "NS": 8893, "rmax": 47.02456604778472}, "TucanaII": {"Distance": 57.0, "FeH": -1.8, "Age": 0.0, "Lvp": -3.9, "Rt": 10.95, "e": 0.34, "Rp": 181.5578754387101, "lowlim": 0.019344065876270487,