{"BootesI": {"Distance": 66.0, "FeH": -2.55, "Age": 13.7, "Lvp": -5.8, "Rt": 12.34, "e": 0.28, "Rp": 236.9109926657103, "lowlim": 0.022398392067260558, "MTot": 24921.230462147225, "NS": 87299}, "BootesII": {"Distance": 42.0, "FeH": -1.79, "Age": 13.0, "Lvp": -3.1, "Rt": 4.02, "e": 0.27, "Rp": 49.113565151120426, "lowlim": 0.014253522224620362, "MTot": 2071.801863153522, "NS": 7533}, "BootesIII": {"Distance": 52.0, "FeH": -2.0, "Age": 0.0, "Lvp": -5.6, "Rt": 33.03, "e": 0.33, "Rp": 499.61795167589673, "lowlim": 0.017647217992387113, "MTot": 18888.17258192919, "NS": 67031}, "Coma": {"Distance": 44.0, "FeH": -2.6, "Age": 13.9, "Lvp": -3.7, "Rt": 6.03, "e": 0.17, "Rp": 77.17845952318925, "lowlim": 0.014932261378173708, "MTot": 3606.7665015164457, "NS": 12669}, "Crater": {"Distance": 117.5, "FeH": -1.98, "Age": 10.0, "Lvp": -8.2, "Rt": 27.41, "e": 0.18, "Rp": 936.8563814444728, "lowlim": 0.039875925271259334, "MTot": 200690.3953562407, "NS": 699987}, "CanesI": {"Distance": 218.0, "FeH": -1.98, "Age": 12.6, "Lvp": -7.9, "Rt": 6.88, "e": 0.36, "Rp": 436.28577088519586, "lowlim": 0.0739825677373152, "MTot": 181478.3085736428, "NS": 649445}, "CanesII": {"Distance": 160.0, "FeH": -2.21, "Age": 13.7, "Lvp": -4.8, "Rt": 0.95, "e": 0.67, "Rp": 44.21500771718968, "lowlim": 0.05429913228426803, "MTot": 10158.420605632688, "NS": 35585}, "Draco": {"Distance": 76.0, "FeH": -1.93, "Age": 0.0, "Lvp": -8.7, "Rt": 8.41, "e": 0.34, "Rp": 185.92410745078257, "lowlim": 0.025792087835027316, "MTot": 349443.637041191, "NS": 1253317}, "DracoII": {"Distance": 20.0, "FeH": -2.2, "Age": 12.0, "Lvp": -2.9, "Rt": 1.97, "e": 0.49, "Rp": 11.46099542142943, "lowlim": 0.006787391535533504, "MTot": 1659.4332275102317, "NS": 5726}, "Hercules": {"Distance": 132.0, "FeH": -2.42, "Age": 15.0, "Lvp": -6.0, "Rt": 3.56, "e": 0.64, "Rp": 136.6941870161959, "lowlim": 0.044796784134521116, "MTot": 31149.26933849123, "NS": 110399}, "LeoI": {"Distance": 254.0, "FeH": -1.43, "Age": 6.4, "Lvp": -12.0, "Rt": 4.04, "e": 0.43, "Rp": 298.4978442044169, "lowlim": 0.08619987250127552, "MTot": 5691659.250426784, "NS": 19097052}, "LeoII": {"Distance": 233.0, "FeH": -1.62, "Age": 8.8, "Lvp": -9.8, "Rt": 2.74, "e": 0.11, "Rp": 185.70885017637, "lowlim": 0.07907311138896533, "MTot": 911518.2215295826, "NS": 3170201}, "LeoIV": {"Distance": 154.0, "FeH": -2.54, "Age": 13.7, "Lvp": -5.1, "Rt": 2.67, "e": 0.38, "Rp": 119.6074136391714, "lowlim": 0.05226291482360799, "MTot": 12612.397267290315, "NS": 44269}, "LeoV": {"Distance": 178.0, "FeH": -2.0, "Age": 0.0, "Lvp": -5.2, "Rt": 1.64, "e": 0.33, "Rp": 84.91608587369745, "lowlim": 0.06040778466624819, "MTot": 15293.9924756968, "NS": 54287}, "PiscesII": {"Distance": 183.0, "FeH": -1.9, "Age": 0.0, "Lvp": -5.0, "Rt": 1.42, "e": 0.31, "Rp": 75.59020990387441, "lowlim": 0.06210463255013155, "MTot": 11639.80625017823, "NS": 41959}, "SagII": {"Distance": 65.0, "FeH": -2.2, "Age": 12.0, "Lvp": -5.2, "Rt": 1.63, "e": 0.24, "Rp": 30.8196057081332, "lowlim": 0.02205902249048389, "MTot": 13065.839783436857, "NS": 45045}, "SegueI": {"Distance": 23.0, "FeH": -2.72, "Age": 0.0, "Lvp": -3.0, "Rt": 4.32, "e": 0.2, "Rp": 28.9026524130261, "lowlim": 0.007805500265863528, "MTot": 1712.5222757709266, "NS": 5907}, "SegueII": {"Distance": 35.0, "FeH": -2.0, "Age": 0.0, "Lvp": -2.5, "Rt": 3.91, "e": 0.2, "Rp": 39.808051355904, "lowlim": 0.011877935187183632, "MTot": 1220.7607422090175, "NS": 4335}, "SextansI": {"Distance": 86.0, "FeH": -1.93, "Age": 12.0, "Lvp": -9.2, "Rt": 19.48, "e": 0.18, "Rp": 487.31919821351, "lowlim": 0.029185783602794068, "MTot": 549852.6962217869, "NS": 1971511}, "TriII": {"Distance": 30.0, "FeH": -1.93, "Age": 13.0, "Lvp": -1.8, "Rt": 1.55, "e": 0.26, "Rp": 13.526301702956054, "lowlim": 0.010181087303300257, "MTot": 654.2854708060615, "NS": 2367}, "UrsaMajorI": {"Distance": 97.0, "FeH": -2.18, "Age": 0.0, "Lvp": -6.5, "Rt": 6.06, "e": 0.59, "Rp": 170.98990681788442, "lowlim": 0.032918848947337494, "MTot": 45596.07625343101, "NS": 157871}, "UrsaMajorII": {"Distance": 32.0, "FeH": -2.47, "Age": 0.0, "Lvp": -3.8, "Rt": 10.52, "e": 0.62, "Rp": 97.9246065652285, "lowlim": 0.010859826456853605, "MTot": 3734.2386959375754, "NS": 12896}, "UrsaMinor": {"Distance": 76.0, "FeH": -2.13, "Age": 12.0, "Lvp": -8.9, "Rt": 12.85, "e": 0.53, "Rp": 284.0814245829437, "lowlim": 0.025792087835027316, "MTot": 413917.57564981864, "NS": 1441383}, "WillmanI": {"Distance": 38.0, "FeH": -2.1, "Age": 0.0, "Lvp": -3.0, "Rt": 1.48, "e": 0.53, "Rp": 16.359552855360185, "lowlim": 0.012896043917513658, "MTot": 1876.8774778587194, "NS": 6561}, "CetusII": {"Distance": 30.0, "FeH": -1.8, "Age": 10.9, "Lvp": 0.0, "Rt": 6.98, "e": 0.4, "Rp": 60.9119908946021, "lowlim": 0.010181087303300257, "MTot": 116.33930890031303, "NS": 415}, "ColumbaI": {"Distance": 182.0, "FeH": -2.1, "Age": 12.0, "Lvp": -4.5, "Rt": 2.01, "e": 0.21, "Rp": 106.41272449409425, "lowlim": 0.0617652629733549, "MTot": 7076.694629434506, "NS": 24765}, "EridanusIII": {"Distance": 87.0, "FeH": -1.8, "Age": 0.0, "Lvp": -2.07, "Rt": 0.42, "e": 0.42, "Rp": 10.629055144645468, "lowlim": 0.029525153179570742, "MTot": 805.4447276042242, "NS": 2903}, "Fornax": {"Distance": 147.0, "FeH": -0.99, "Age": 0.0, "Lvp": -13.4, "Rt": 16.41, "e": 0.31, "Rp": 701.7008991180602, "lowlim": 0.04988732778617125, "MTot": 30401372.4702011, "NS": 107977602}, "GrusI": {"Distance": 120.0, "FeH": -1.42, "Age": 0.0, "Lvp": -3.5, "Rt": 2.84, "e": 0.45, "Rp": 99.13470151327789, "lowlim": 0.040724349213201026, "MTot": 3208.242063273879, "NS": 11516}, "GrusII": {"Distance": 53.0, "FeH": -1.8, "Age": 12.5, "Lvp": -3.9, "Rt": 7.32, "e": 0.12, "Rp": 112.85298943395335, "lowlim": 0.017986587569163784, "MTot": 4285.001124175548, "NS": 15521}, "HoroI": {"Distance": 79.0, "FeH": -1.8, "Age": 0.0, "Lvp": -3.4, "Rt": 1.55, "e": 0.14, "Rp": 35.61926115111761, "lowlim": 0.02681019656535734, "MTot": 2898.7456318144195, "NS": 10458}, "HoroII": {"Distance": 78.0, "FeH": -2.0, "Age": 13.5, "Lvp": -2.6, "Rt": 1.97, "e": 0.4, "Rp": 44.69788214357478, "lowlim": 0.026470826988580668, "MTot": 1403.0361335929013, "NS": 5053}, "PhoenixII": {"Distance": 83.0, "FeH": -1.8, "Age": 0.0, "Lvp": -2.8, "Rt": 1.58, "e": 0.27, "Rp": 38.147079684422735, "lowlim": 0.028167674872464046, "MTot": 1490.7788096431468, "NS": 5379}, "PictorI": {"Distance": 114.0, "FeH": -1.8, "Age": 0.0, "Lvp": -3.1, "Rt": 0.96, "e": 0.44, "Rp": 31.83480555637657, "lowlim": 0.038688131752540975, "MTot": 2061.9491513802045, "NS": 7445}, "RetiII": {"Distance": 30.0, "FeH": -2.67, "Age": 0.0, "Lvp": -2.7, "Rt": 4.15, "e": 0.6, "Rp": 36.21558197888234, "lowlim": 0.010181087303300257, "MTot": 1328.0548568228494, "NS": 4587}, "RetiIII": {"Distance": 92.0, "FeH": -2.0, "Age": 0.0, "Lvp": -3.3, "Rt": 1.29, "e": 0.33, "Rp": 34.52261260444784, "lowlim": 0.031222001063454113, "MTot": 2503.816325492741, "NS": 8883}, "TucanaII": {"Distance": 57.0, "FeH": -1.8, "Age": 0.0, "Lvp": -3.9, "Rt": 10.95, "e": 0.34, "Rp": 181.5578754387101, "lowlim": 0.019344065876270487, "MTot": 4549.307489252379, "NS": 16396}, "TucanaIII": {"Distance": 25.0, "FeH": -2.1, "Age": 10.9, "Lvp": -2.4, "Rt": 10.22, "e": 0.73, "Rp": 74.32193731409187, "lowlim": 0.00848423941941688, "MTot": 1018.3484949843901, "NS": 3523}, "TucanaIV": {"Distance": 48.0, "FeH": -2.1, "Age": 11.6, "Lvp": -3.5, "Rt": 7.42, "e": 0.35, "Rp": 103.6027443983834, "lowlim": 0.01628973968528041, "MTot": 2763.696249875617, "NS": 9630}, "TucanaV": {"Distance": 55.0, "FeH": -1.6, "Age": 10.9, "Lvp": -1.6, "Rt": 1.39, "e": 0.37, "Rp": 22.238403552494415, "lowlim": 0.01866532672271714, "MTot": 493.6227965004858, "NS": 1759}, "Carina": {"Distance": 105.0, "FeH": -1.72, "Age": 10, "Lvp": -9.1, "Rt": 8.2, "e": 0.33, "Rp": 250.45474766118625, "lowlim": 0.0356338055615509, "MTot": 523150.89427193464, "NS": 1845817}, "Sculptor": {"Distance": 86.0, "FeH": -1.68, "Age": 10, "Lvp": -11.1, "Rt": 11.3, "e": 0.32, "Rp": 282.6851611813483, "lowlim": 0.029185783602794068, "MTot": 3186607.1268596314,